MUNICIPIO,POPULACAO,NOTIFICACOES,CASOS_PROVAVEIS,DESCARTADOS,EM_INVESTIGACAO,DENGUE,SINAIS_ALARME,DENGUE_GRAVE,INCIDENCIA_ACUMULADA,CASOS_ULTIMAS_4SE,INCIDENCIA_ULTIMAS_4SE,HOSPITALIZADOS,OBITOS_DENGUE,LETALIDADE
AGUIA BRANCA,10124,40,14,26,12,2,0,0,138.3,1,9.9,0,0,0.0
ALTO RIO NOVO,7747,14,7,7,4,2,1,0,90.4,0,0.0,1,0,0.0
BAIXO GUANDU,32694,2016,965,1051,1,879,83,2,2951.6,1,3.1,133,1,1.18
COLATINA,128622,1352,264,1088,47,212,5,0,205.3,48,37.3,29,0,0.0
GOVERNADOR LINDENBERG,11467,251,46,205,0,44,2,0,401.2,0,0.0,3,0,0.0
LINHARES,181912,1110,258,852,102,154,2,0,141.8,112,61.6,3,0,0.0
MANTENOPOLIS,13173,39,37,2,34,3,0,0,280.9,1,7.6,1,0,0.0
MARILANDIA,13014,88,5,83,2,3,0,0,38.4,1,7.7,1,0,0.0
PANCAS,19270,1131,630,501,19,609,2,0,3269.3,9,46.7,8,0,0.0
RIO BANANAL,20229,195,16,179,10,6,0,0,79.1,7,34.6,1,0,0.0
SAO DOMINGOS DO NORTE,9008,117,25,92,2,21,2,0,277.5,3,33.3,2,0,0.0
SAO GABRIEL DA PALHA,34210,203,14,189,0,14,0,0,40.9,1,2.9,2,0,0.0
SAO ROQUE DO CANAA,11271,126,6,120,5,1,0,0,53.2,5,44.4,0,0,0.0
SOORETAMA,28453,168,7,161,3,4,0,0,24.6,3,10.5,0,0,0.0
VILA VALERIO,14263,31,5,26,3,2,0,0,35.1,2,14.0,0,0,0.0
REGIONAL,535457,6881,2299,4582,244,1956,97,2,429.4,194,36.2,184,1,1.01
