TERRITORIO,TIPO,CATEGORIA,CASOS,DENOMINADOR,PERCENTUAL
AGUIA BRANCA,SINTOMA,Febre,8,14,57.1
AGUIA BRANCA,SINTOMA,Cefaleia,11,14,78.6
AGUIA BRANCA,SINTOMA,Mialgia,12,14,85.7
AGUIA BRANCA,SINTOMA,Náuseas,3,14,21.4
AGUIA BRANCA,SINTOMA,Dor retro-orbital,1,14,7.1
AGUIA BRANCA,SINTOMA,Vômito,2,14,14.3
AGUIA BRANCA,SINTOMA,Dor nas costas,0,14,0.0
AGUIA BRANCA,SINTOMA,Artralgia intensa,2,14,14.3
AGUIA BRANCA,SINTOMA,Exantema,1,14,7.1
AGUIA BRANCA,SINTOMA,Petéquias,0,14,0.0
AGUIA BRANCA,SINTOMA,Artrite,0,14,0.0
AGUIA BRANCA,SINTOMA,Leucopenia,0,14,0.0
AGUIA BRANCA,SINTOMA,Prova do laço positiva,0,14,0.0
AGUIA BRANCA,SINTOMA,Conjuntivite,0,14,0.0
AGUIA BRANCA,SINAL_ALARME,Hipotensão postural/lipotímia,0,0,0.0
AGUIA BRANCA,SINAL_ALARME,Queda abrupta de plaquetas,0,0,0.0
AGUIA BRANCA,SINAL_ALARME,Vômitos persistentes,0,0,0.0
AGUIA BRANCA,SINAL_ALARME,Dor abdominal intensa e contínua,0,0,0.0
AGUIA BRANCA,SINAL_ALARME,Letargia/irritabilidade,0,0,0.0
AGUIA BRANCA,SINAL_ALARME,Sangramento de mucosa,0,0,0.0
AGUIA BRANCA,SINAL_ALARME,Aumento progressivo do hematócrito,0,0,0.0
AGUIA BRANCA,SINAL_ALARME,Hepatomegalia,0,0,0.0
AGUIA BRANCA,SINAL_ALARME,Acúmulo de líquidos,0,0,0.0
AGUIA BRANCA,GRAVIDADE,Pulso débil ou indetectável,0,0,0.0
AGUIA BRANCA,GRAVIDADE,Pressão arterial convergente,0,0,0.0
AGUIA BRANCA,GRAVIDADE,Tempo de enchimento capilar prolongado,0,0,0.0
AGUIA BRANCA,GRAVIDADE,Acúmulo de líquidos com insuficiência respiratória,0,0,0.0
AGUIA BRANCA,GRAVIDADE,Taquicardia,0,0,0.0
AGUIA BRANCA,GRAVIDADE,Extremidades frias,0,0,0.0
AGUIA BRANCA,GRAVIDADE,Hipotensão arterial,0,0,0.0
AGUIA BRANCA,GRAVIDADE,Hematêmese,0,0,0.0
AGUIA BRANCA,GRAVIDADE,Melena,0,0,0.0
AGUIA BRANCA,GRAVIDADE,Metrorragia volumosa,0,0,0.0
AGUIA BRANCA,GRAVIDADE,Sangramento do SNC,0,0,0.0
AGUIA BRANCA,GRAVIDADE,AST/ALT ≥ 1.000,0,0,0.0
AGUIA BRANCA,GRAVIDADE,Miocardite,0,0,0.0
AGUIA BRANCA,GRAVIDADE,Alteração da consciência,0,0,0.0
AGUIA BRANCA,GRAVIDADE,Comprometimento de outros órgãos,0,0,0.0
ALTO RIO NOVO,SINTOMA,Febre,7,7,100.0
ALTO RIO NOVO,SINTOMA,Cefaleia,6,7,85.7
ALTO RIO NOVO,SINTOMA,Mialgia,4,7,57.1
ALTO RIO NOVO,SINTOMA,Náuseas,3,7,42.9
ALTO RIO NOVO,SINTOMA,Dor retro-orbital,0,7,0.0
ALTO RIO NOVO,SINTOMA,Vômito,3,7,42.9
ALTO RIO NOVO,SINTOMA,Dor nas costas,4,7,57.1
ALTO RIO NOVO,SINTOMA,Artralgia intensa,3,7,42.9
ALTO RIO NOVO,SINTOMA,Exantema,1,7,14.3
ALTO RIO NOVO,SINTOMA,Petéquias,5,7,71.4
ALTO RIO NOVO,SINTOMA,Artrite,0,7,0.0
ALTO RIO NOVO,SINTOMA,Leucopenia,0,7,0.0
ALTO RIO NOVO,SINTOMA,Prova do laço positiva,2,7,28.6
ALTO RIO NOVO,SINTOMA,Conjuntivite,0,7,0.0
ALTO RIO NOVO,SINAL_ALARME,Hipotensão postural/lipotímia,0,1,0.0
ALTO RIO NOVO,SINAL_ALARME,Queda abrupta de plaquetas,1,1,100.0
ALTO RIO NOVO,SINAL_ALARME,Vômitos persistentes,0,1,0.0
ALTO RIO NOVO,SINAL_ALARME,Dor abdominal intensa e contínua,0,1,0.0
ALTO RIO NOVO,SINAL_ALARME,Letargia/irritabilidade,0,1,0.0
ALTO RIO NOVO,SINAL_ALARME,Sangramento de mucosa,0,1,0.0
ALTO RIO NOVO,SINAL_ALARME,Aumento progressivo do hematócrito,0,1,0.0
ALTO RIO NOVO,SINAL_ALARME,Hepatomegalia,1,1,100.0
ALTO RIO NOVO,SINAL_ALARME,Acúmulo de líquidos,0,1,0.0
ALTO RIO NOVO,GRAVIDADE,Pulso débil ou indetectável,0,0,0.0
ALTO RIO NOVO,GRAVIDADE,Pressão arterial convergente,0,0,0.0
ALTO RIO NOVO,GRAVIDADE,Tempo de enchimento capilar prolongado,0,0,0.0
ALTO RIO NOVO,GRAVIDADE,Acúmulo de líquidos com insuficiência respiratória,0,0,0.0
ALTO RIO NOVO,GRAVIDADE,Taquicardia,0,0,0.0
ALTO RIO NOVO,GRAVIDADE,Extremidades frias,0,0,0.0
ALTO RIO NOVO,GRAVIDADE,Hipotensão arterial,0,0,0.0
ALTO RIO NOVO,GRAVIDADE,Hematêmese,0,0,0.0
ALTO RIO NOVO,GRAVIDADE,Melena,0,0,0.0
ALTO RIO NOVO,GRAVIDADE,Metrorragia volumosa,0,0,0.0
ALTO RIO NOVO,GRAVIDADE,Sangramento do SNC,0,0,0.0
ALTO RIO NOVO,GRAVIDADE,AST/ALT ≥ 1.000,0,0,0.0
ALTO RIO NOVO,GRAVIDADE,Miocardite,0,0,0.0
ALTO RIO NOVO,GRAVIDADE,Alteração da consciência,0,0,0.0
ALTO RIO NOVO,GRAVIDADE,Comprometimento de outros órgãos,0,0,0.0
BAIXO GUANDU,SINTOMA,Febre,918,965,95.1
BAIXO GUANDU,SINTOMA,Cefaleia,857,965,88.8
BAIXO GUANDU,SINTOMA,Mialgia,820,965,85.0
BAIXO GUANDU,SINTOMA,Náuseas,623,965,64.6
BAIXO GUANDU,SINTOMA,Dor retro-orbital,368,965,38.1
BAIXO GUANDU,SINTOMA,Vômito,225,965,23.3
BAIXO GUANDU,SINTOMA,Dor nas costas,136,965,14.1
BAIXO GUANDU,SINTOMA,Artralgia intensa,232,965,24.0
BAIXO GUANDU,SINTOMA,Exantema,62,965,6.4
BAIXO GUANDU,SINTOMA,Petéquias,27,965,2.8
BAIXO GUANDU,SINTOMA,Artrite,18,965,1.9
BAIXO GUANDU,SINTOMA,Leucopenia,5,965,0.5
BAIXO GUANDU,SINTOMA,Prova do laço positiva,0,965,0.0
BAIXO GUANDU,SINTOMA,Conjuntivite,2,965,0.2
BAIXO GUANDU,SINAL_ALARME,Hipotensão postural/lipotímia,0,83,0.0
BAIXO GUANDU,SINAL_ALARME,Queda abrupta de plaquetas,83,83,100.0
BAIXO GUANDU,SINAL_ALARME,Vômitos persistentes,4,83,4.8
BAIXO GUANDU,SINAL_ALARME,Dor abdominal intensa e contínua,2,83,2.4
BAIXO GUANDU,SINAL_ALARME,Letargia/irritabilidade,0,83,0.0
BAIXO GUANDU,SINAL_ALARME,Sangramento de mucosa,2,83,2.4
BAIXO GUANDU,SINAL_ALARME,Aumento progressivo do hematócrito,4,83,4.8
BAIXO GUANDU,SINAL_ALARME,Hepatomegalia,4,83,4.8
BAIXO GUANDU,SINAL_ALARME,Acúmulo de líquidos,0,83,0.0
BAIXO GUANDU,GRAVIDADE,Pulso débil ou indetectável,1,2,50.0
BAIXO GUANDU,GRAVIDADE,Pressão arterial convergente,2,2,100.0
BAIXO GUANDU,GRAVIDADE,Tempo de enchimento capilar prolongado,1,2,50.0
BAIXO GUANDU,GRAVIDADE,Acúmulo de líquidos com insuficiência respiratória,1,2,50.0
BAIXO GUANDU,GRAVIDADE,Taquicardia,0,2,0.0
BAIXO GUANDU,GRAVIDADE,Extremidades frias,0,2,0.0
BAIXO GUANDU,GRAVIDADE,Hipotensão arterial,2,2,100.0
BAIXO GUANDU,GRAVIDADE,Hematêmese,0,2,0.0
BAIXO GUANDU,GRAVIDADE,Melena,0,2,0.0
BAIXO GUANDU,GRAVIDADE,Metrorragia volumosa,0,2,0.0
BAIXO GUANDU,GRAVIDADE,Sangramento do SNC,0,2,0.0
BAIXO GUANDU,GRAVIDADE,AST/ALT ≥ 1.000,2,2,100.0
BAIXO GUANDU,GRAVIDADE,Miocardite,0,2,0.0
BAIXO GUANDU,GRAVIDADE,Alteração da consciência,0,2,0.0
BAIXO GUANDU,GRAVIDADE,Comprometimento de outros órgãos,0,2,0.0
COLATINA,SINTOMA,Febre,214,261,82.0
COLATINA,SINTOMA,Cefaleia,197,261,75.5
COLATINA,SINTOMA,Mialgia,184,261,70.5
COLATINA,SINTOMA,Náuseas,129,261,49.4
COLATINA,SINTOMA,Dor retro-orbital,88,261,33.7
COLATINA,SINTOMA,Vômito,70,261,26.8
COLATINA,SINTOMA,Dor nas costas,71,261,27.2
COLATINA,SINTOMA,Artralgia intensa,46,261,17.6
COLATINA,SINTOMA,Exantema,12,261,4.6
COLATINA,SINTOMA,Petéquias,31,261,11.9
COLATINA,SINTOMA,Artrite,12,261,4.6
COLATINA,SINTOMA,Leucopenia,2,261,0.8
COLATINA,SINTOMA,Prova do laço positiva,1,261,0.4
COLATINA,SINTOMA,Conjuntivite,3,261,1.1
COLATINA,SINAL_ALARME,Hipotensão postural/lipotímia,0,5,0.0
COLATINA,SINAL_ALARME,Queda abrupta de plaquetas,4,5,80.0
COLATINA,SINAL_ALARME,Vômitos persistentes,2,5,40.0
COLATINA,SINAL_ALARME,Dor abdominal intensa e contínua,1,5,20.0
COLATINA,SINAL_ALARME,Letargia/irritabilidade,1,5,20.0
COLATINA,SINAL_ALARME,Sangramento de mucosa,1,5,20.0
COLATINA,SINAL_ALARME,Aumento progressivo do hematócrito,0,5,0.0
COLATINA,SINAL_ALARME,Hepatomegalia,0,5,0.0
COLATINA,SINAL_ALARME,Acúmulo de líquidos,0,5,0.0
COLATINA,GRAVIDADE,Pulso débil ou indetectável,0,0,0.0
COLATINA,GRAVIDADE,Pressão arterial convergente,0,0,0.0
COLATINA,GRAVIDADE,Tempo de enchimento capilar prolongado,0,0,0.0
COLATINA,GRAVIDADE,Acúmulo de líquidos com insuficiência respiratória,0,0,0.0
COLATINA,GRAVIDADE,Taquicardia,0,0,0.0
COLATINA,GRAVIDADE,Extremidades frias,0,0,0.0
COLATINA,GRAVIDADE,Hipotensão arterial,0,0,0.0
COLATINA,GRAVIDADE,Hematêmese,0,0,0.0
COLATINA,GRAVIDADE,Melena,0,0,0.0
COLATINA,GRAVIDADE,Metrorragia volumosa,0,0,0.0
COLATINA,GRAVIDADE,Sangramento do SNC,0,0,0.0
COLATINA,GRAVIDADE,AST/ALT ≥ 1.000,0,0,0.0
COLATINA,GRAVIDADE,Miocardite,0,0,0.0
COLATINA,GRAVIDADE,Alteração da consciência,0,0,0.0
COLATINA,GRAVIDADE,Comprometimento de outros órgãos,0,0,0.0
GOVERNADOR LINDENBERG,SINTOMA,Febre,36,46,78.3
GOVERNADOR LINDENBERG,SINTOMA,Cefaleia,30,46,65.2
GOVERNADOR LINDENBERG,SINTOMA,Mialgia,33,46,71.7
GOVERNADOR LINDENBERG,SINTOMA,Náuseas,21,46,45.7
GOVERNADOR LINDENBERG,SINTOMA,Dor retro-orbital,9,46,19.6
GOVERNADOR LINDENBERG,SINTOMA,Vômito,11,46,23.9
GOVERNADOR LINDENBERG,SINTOMA,Dor nas costas,9,46,19.6
GOVERNADOR LINDENBERG,SINTOMA,Artralgia intensa,6,46,13.0
GOVERNADOR LINDENBERG,SINTOMA,Exantema,4,46,8.7
GOVERNADOR LINDENBERG,SINTOMA,Petéquias,1,46,2.2
GOVERNADOR LINDENBERG,SINTOMA,Artrite,4,46,8.7
GOVERNADOR LINDENBERG,SINTOMA,Leucopenia,1,46,2.2
GOVERNADOR LINDENBERG,SINTOMA,Prova do laço positiva,0,46,0.0
GOVERNADOR LINDENBERG,SINTOMA,Conjuntivite,0,46,0.0
GOVERNADOR LINDENBERG,SINAL_ALARME,Hipotensão postural/lipotímia,1,2,50.0
GOVERNADOR LINDENBERG,SINAL_ALARME,Queda abrupta de plaquetas,2,2,100.0
GOVERNADOR LINDENBERG,SINAL_ALARME,Vômitos persistentes,0,2,0.0
GOVERNADOR LINDENBERG,SINAL_ALARME,Dor abdominal intensa e contínua,0,2,0.0
GOVERNADOR LINDENBERG,SINAL_ALARME,Letargia/irritabilidade,0,2,0.0
GOVERNADOR LINDENBERG,SINAL_ALARME,Sangramento de mucosa,1,2,50.0
GOVERNADOR LINDENBERG,SINAL_ALARME,Aumento progressivo do hematócrito,1,2,50.0
GOVERNADOR LINDENBERG,SINAL_ALARME,Hepatomegalia,0,2,0.0
GOVERNADOR LINDENBERG,SINAL_ALARME,Acúmulo de líquidos,0,2,0.0
GOVERNADOR LINDENBERG,GRAVIDADE,Pulso débil ou indetectável,0,0,0.0
GOVERNADOR LINDENBERG,GRAVIDADE,Pressão arterial convergente,0,0,0.0
GOVERNADOR LINDENBERG,GRAVIDADE,Tempo de enchimento capilar prolongado,0,0,0.0
GOVERNADOR LINDENBERG,GRAVIDADE,Acúmulo de líquidos com insuficiência respiratória,0,0,0.0
GOVERNADOR LINDENBERG,GRAVIDADE,Taquicardia,0,0,0.0
GOVERNADOR LINDENBERG,GRAVIDADE,Extremidades frias,0,0,0.0
GOVERNADOR LINDENBERG,GRAVIDADE,Hipotensão arterial,0,0,0.0
GOVERNADOR LINDENBERG,GRAVIDADE,Hematêmese,0,0,0.0
GOVERNADOR LINDENBERG,GRAVIDADE,Melena,0,0,0.0
GOVERNADOR LINDENBERG,GRAVIDADE,Metrorragia volumosa,0,0,0.0
GOVERNADOR LINDENBERG,GRAVIDADE,Sangramento do SNC,0,0,0.0
GOVERNADOR LINDENBERG,GRAVIDADE,AST/ALT ≥ 1.000,0,0,0.0
GOVERNADOR LINDENBERG,GRAVIDADE,Miocardite,0,0,0.0
GOVERNADOR LINDENBERG,GRAVIDADE,Alteração da consciência,0,0,0.0
GOVERNADOR LINDENBERG,GRAVIDADE,Comprometimento de outros órgãos,0,0,0.0
LINHARES,SINTOMA,Febre,266,278,95.7
LINHARES,SINTOMA,Cefaleia,257,278,92.4
LINHARES,SINTOMA,Mialgia,124,278,44.6
LINHARES,SINTOMA,Náuseas,69,278,24.8
LINHARES,SINTOMA,Dor retro-orbital,64,278,23.0
LINHARES,SINTOMA,Vômito,64,278,23.0
LINHARES,SINTOMA,Dor nas costas,63,278,22.7
LINHARES,SINTOMA,Artralgia intensa,20,278,7.2
LINHARES,SINTOMA,Exantema,24,278,8.6
LINHARES,SINTOMA,Petéquias,8,278,2.9
LINHARES,SINTOMA,Artrite,15,278,5.4
LINHARES,SINTOMA,Leucopenia,4,278,1.4
LINHARES,SINTOMA,Prova do laço positiva,2,278,0.7
LINHARES,SINTOMA,Conjuntivite,2,278,0.7
LINHARES,SINAL_ALARME,Hipotensão postural/lipotímia,1,2,50.0
LINHARES,SINAL_ALARME,Queda abrupta de plaquetas,0,2,0.0
LINHARES,SINAL_ALARME,Vômitos persistentes,0,2,0.0
LINHARES,SINAL_ALARME,Dor abdominal intensa e contínua,1,2,50.0
LINHARES,SINAL_ALARME,Letargia/irritabilidade,0,2,0.0
LINHARES,SINAL_ALARME,Sangramento de mucosa,1,2,50.0
LINHARES,SINAL_ALARME,Aumento progressivo do hematócrito,0,2,0.0
LINHARES,SINAL_ALARME,Hepatomegalia,0,2,0.0
LINHARES,SINAL_ALARME,Acúmulo de líquidos,0,2,0.0
LINHARES,GRAVIDADE,Pulso débil ou indetectável,0,0,0.0
LINHARES,GRAVIDADE,Pressão arterial convergente,0,0,0.0
LINHARES,GRAVIDADE,Tempo de enchimento capilar prolongado,0,0,0.0
LINHARES,GRAVIDADE,Acúmulo de líquidos com insuficiência respiratória,0,0,0.0
LINHARES,GRAVIDADE,Taquicardia,0,0,0.0
LINHARES,GRAVIDADE,Extremidades frias,0,0,0.0
LINHARES,GRAVIDADE,Hipotensão arterial,0,0,0.0
LINHARES,GRAVIDADE,Hematêmese,0,0,0.0
LINHARES,GRAVIDADE,Melena,0,0,0.0
LINHARES,GRAVIDADE,Metrorragia volumosa,0,0,0.0
LINHARES,GRAVIDADE,Sangramento do SNC,0,0,0.0
LINHARES,GRAVIDADE,AST/ALT ≥ 1.000,0,0,0.0
LINHARES,GRAVIDADE,Miocardite,0,0,0.0
LINHARES,GRAVIDADE,Alteração da consciência,0,0,0.0
LINHARES,GRAVIDADE,Comprometimento de outros órgãos,0,0,0.0
MANTENOPOLIS,SINTOMA,Febre,31,37,83.8
MANTENOPOLIS,SINTOMA,Cefaleia,32,37,86.5
MANTENOPOLIS,SINTOMA,Mialgia,27,37,73.0
MANTENOPOLIS,SINTOMA,Náuseas,4,37,10.8
MANTENOPOLIS,SINTOMA,Dor retro-orbital,3,37,8.1
MANTENOPOLIS,SINTOMA,Vômito,3,37,8.1
MANTENOPOLIS,SINTOMA,Dor nas costas,4,37,10.8
MANTENOPOLIS,SINTOMA,Artralgia intensa,3,37,8.1
MANTENOPOLIS,SINTOMA,Exantema,0,37,0.0
MANTENOPOLIS,SINTOMA,Petéquias,2,37,5.4
MANTENOPOLIS,SINTOMA,Artrite,1,37,2.7
MANTENOPOLIS,SINTOMA,Leucopenia,0,37,0.0
MANTENOPOLIS,SINTOMA,Prova do laço positiva,0,37,0.0
MANTENOPOLIS,SINTOMA,Conjuntivite,0,37,0.0
MANTENOPOLIS,SINAL_ALARME,Hipotensão postural/lipotímia,0,0,0.0
MANTENOPOLIS,SINAL_ALARME,Queda abrupta de plaquetas,0,0,0.0
MANTENOPOLIS,SINAL_ALARME,Vômitos persistentes,0,0,0.0
MANTENOPOLIS,SINAL_ALARME,Dor abdominal intensa e contínua,0,0,0.0
MANTENOPOLIS,SINAL_ALARME,Letargia/irritabilidade,0,0,0.0
MANTENOPOLIS,SINAL_ALARME,Sangramento de mucosa,0,0,0.0
MANTENOPOLIS,SINAL_ALARME,Aumento progressivo do hematócrito,0,0,0.0
MANTENOPOLIS,SINAL_ALARME,Hepatomegalia,0,0,0.0
MANTENOPOLIS,SINAL_ALARME,Acúmulo de líquidos,0,0,0.0
MANTENOPOLIS,GRAVIDADE,Pulso débil ou indetectável,0,0,0.0
MANTENOPOLIS,GRAVIDADE,Pressão arterial convergente,0,0,0.0
MANTENOPOLIS,GRAVIDADE,Tempo de enchimento capilar prolongado,0,0,0.0
MANTENOPOLIS,GRAVIDADE,Acúmulo de líquidos com insuficiência respiratória,0,0,0.0
MANTENOPOLIS,GRAVIDADE,Taquicardia,0,0,0.0
MANTENOPOLIS,GRAVIDADE,Extremidades frias,0,0,0.0
MANTENOPOLIS,GRAVIDADE,Hipotensão arterial,0,0,0.0
MANTENOPOLIS,GRAVIDADE,Hematêmese,0,0,0.0
MANTENOPOLIS,GRAVIDADE,Melena,0,0,0.0
MANTENOPOLIS,GRAVIDADE,Metrorragia volumosa,0,0,0.0
MANTENOPOLIS,GRAVIDADE,Sangramento do SNC,0,0,0.0
MANTENOPOLIS,GRAVIDADE,AST/ALT ≥ 1.000,0,0,0.0
MANTENOPOLIS,GRAVIDADE,Miocardite,0,0,0.0
MANTENOPOLIS,GRAVIDADE,Alteração da consciência,0,0,0.0
MANTENOPOLIS,GRAVIDADE,Comprometimento de outros órgãos,0,0,0.0
MARILANDIA,SINTOMA,Febre,5,5,100.0
MARILANDIA,SINTOMA,Cefaleia,5,5,100.0
MARILANDIA,SINTOMA,Mialgia,3,5,60.0
MARILANDIA,SINTOMA,Náuseas,2,5,40.0
MARILANDIA,SINTOMA,Dor retro-orbital,2,5,40.0
MARILANDIA,SINTOMA,Vômito,3,5,60.0
MARILANDIA,SINTOMA,Dor nas costas,2,5,40.0
MARILANDIA,SINTOMA,Artralgia intensa,1,5,20.0
MARILANDIA,SINTOMA,Exantema,0,5,0.0
MARILANDIA,SINTOMA,Petéquias,0,5,0.0
MARILANDIA,SINTOMA,Artrite,0,5,0.0
MARILANDIA,SINTOMA,Leucopenia,0,5,0.0
MARILANDIA,SINTOMA,Prova do laço positiva,0,5,0.0
MARILANDIA,SINTOMA,Conjuntivite,0,5,0.0
MARILANDIA,SINAL_ALARME,Hipotensão postural/lipotímia,0,0,0.0
MARILANDIA,SINAL_ALARME,Queda abrupta de plaquetas,0,0,0.0
MARILANDIA,SINAL_ALARME,Vômitos persistentes,0,0,0.0
MARILANDIA,SINAL_ALARME,Dor abdominal intensa e contínua,0,0,0.0
MARILANDIA,SINAL_ALARME,Letargia/irritabilidade,0,0,0.0
MARILANDIA,SINAL_ALARME,Sangramento de mucosa,0,0,0.0
MARILANDIA,SINAL_ALARME,Aumento progressivo do hematócrito,0,0,0.0
MARILANDIA,SINAL_ALARME,Hepatomegalia,0,0,0.0
MARILANDIA,SINAL_ALARME,Acúmulo de líquidos,0,0,0.0
MARILANDIA,GRAVIDADE,Pulso débil ou indetectável,0,0,0.0
MARILANDIA,GRAVIDADE,Pressão arterial convergente,0,0,0.0
MARILANDIA,GRAVIDADE,Tempo de enchimento capilar prolongado,0,0,0.0
MARILANDIA,GRAVIDADE,Acúmulo de líquidos com insuficiência respiratória,0,0,0.0
MARILANDIA,GRAVIDADE,Taquicardia,0,0,0.0
MARILANDIA,GRAVIDADE,Extremidades frias,0,0,0.0
MARILANDIA,GRAVIDADE,Hipotensão arterial,0,0,0.0
MARILANDIA,GRAVIDADE,Hematêmese,0,0,0.0
MARILANDIA,GRAVIDADE,Melena,0,0,0.0
MARILANDIA,GRAVIDADE,Metrorragia volumosa,0,0,0.0
MARILANDIA,GRAVIDADE,Sangramento do SNC,0,0,0.0
MARILANDIA,GRAVIDADE,AST/ALT ≥ 1.000,0,0,0.0
MARILANDIA,GRAVIDADE,Miocardite,0,0,0.0
MARILANDIA,GRAVIDADE,Alteração da consciência,0,0,0.0
MARILANDIA,GRAVIDADE,Comprometimento de outros órgãos,0,0,0.0
PANCAS,SINTOMA,Febre,503,631,79.7
PANCAS,SINTOMA,Cefaleia,491,631,77.8
PANCAS,SINTOMA,Mialgia,448,631,71.0
PANCAS,SINTOMA,Náuseas,225,631,35.7
PANCAS,SINTOMA,Dor retro-orbital,204,631,32.3
PANCAS,SINTOMA,Vômito,157,631,24.9
PANCAS,SINTOMA,Dor nas costas,135,631,21.4
PANCAS,SINTOMA,Artralgia intensa,102,631,16.2
PANCAS,SINTOMA,Exantema,10,631,1.6
PANCAS,SINTOMA,Petéquias,34,631,5.4
PANCAS,SINTOMA,Artrite,16,631,2.5
PANCAS,SINTOMA,Leucopenia,42,631,6.7
PANCAS,SINTOMA,Prova do laço positiva,3,631,0.5
PANCAS,SINTOMA,Conjuntivite,0,631,0.0
PANCAS,SINAL_ALARME,Hipotensão postural/lipotímia,0,2,0.0
PANCAS,SINAL_ALARME,Queda abrupta de plaquetas,0,2,0.0
PANCAS,SINAL_ALARME,Vômitos persistentes,1,2,50.0
PANCAS,SINAL_ALARME,Dor abdominal intensa e contínua,1,2,50.0
PANCAS,SINAL_ALARME,Letargia/irritabilidade,1,2,50.0
PANCAS,SINAL_ALARME,Sangramento de mucosa,2,2,100.0
PANCAS,SINAL_ALARME,Aumento progressivo do hematócrito,0,2,0.0
PANCAS,SINAL_ALARME,Hepatomegalia,0,2,0.0
PANCAS,SINAL_ALARME,Acúmulo de líquidos,0,2,0.0
PANCAS,GRAVIDADE,Pulso débil ou indetectável,0,0,0.0
PANCAS,GRAVIDADE,Pressão arterial convergente,0,0,0.0
PANCAS,GRAVIDADE,Tempo de enchimento capilar prolongado,0,0,0.0
PANCAS,GRAVIDADE,Acúmulo de líquidos com insuficiência respiratória,0,0,0.0
PANCAS,GRAVIDADE,Taquicardia,0,0,0.0
PANCAS,GRAVIDADE,Extremidades frias,0,0,0.0
PANCAS,GRAVIDADE,Hipotensão arterial,0,0,0.0
PANCAS,GRAVIDADE,Hematêmese,0,0,0.0
PANCAS,GRAVIDADE,Melena,0,0,0.0
PANCAS,GRAVIDADE,Metrorragia volumosa,0,0,0.0
PANCAS,GRAVIDADE,Sangramento do SNC,0,0,0.0
PANCAS,GRAVIDADE,AST/ALT ≥ 1.000,0,0,0.0
PANCAS,GRAVIDADE,Miocardite,0,0,0.0
PANCAS,GRAVIDADE,Alteração da consciência,0,0,0.0
PANCAS,GRAVIDADE,Comprometimento de outros órgãos,0,0,0.0
RIO BANANAL,SINTOMA,Febre,13,16,81.2
RIO BANANAL,SINTOMA,Cefaleia,12,16,75.0
RIO BANANAL,SINTOMA,Mialgia,13,16,81.2
RIO BANANAL,SINTOMA,Náuseas,6,16,37.5
RIO BANANAL,SINTOMA,Dor retro-orbital,4,16,25.0
RIO BANANAL,SINTOMA,Vômito,5,16,31.2
RIO BANANAL,SINTOMA,Dor nas costas,5,16,31.2
RIO BANANAL,SINTOMA,Artralgia intensa,2,16,12.5
RIO BANANAL,SINTOMA,Exantema,4,16,25.0
RIO BANANAL,SINTOMA,Petéquias,0,16,0.0
RIO BANANAL,SINTOMA,Artrite,2,16,12.5
RIO BANANAL,SINTOMA,Leucopenia,0,16,0.0
RIO BANANAL,SINTOMA,Prova do laço positiva,0,16,0.0
RIO BANANAL,SINTOMA,Conjuntivite,0,16,0.0
RIO BANANAL,SINAL_ALARME,Hipotensão postural/lipotímia,0,0,0.0
RIO BANANAL,SINAL_ALARME,Queda abrupta de plaquetas,0,0,0.0
RIO BANANAL,SINAL_ALARME,Vômitos persistentes,0,0,0.0
RIO BANANAL,SINAL_ALARME,Dor abdominal intensa e contínua,0,0,0.0
RIO BANANAL,SINAL_ALARME,Letargia/irritabilidade,0,0,0.0
RIO BANANAL,SINAL_ALARME,Sangramento de mucosa,0,0,0.0
RIO BANANAL,SINAL_ALARME,Aumento progressivo do hematócrito,0,0,0.0
RIO BANANAL,SINAL_ALARME,Hepatomegalia,0,0,0.0
RIO BANANAL,SINAL_ALARME,Acúmulo de líquidos,0,0,0.0
RIO BANANAL,GRAVIDADE,Pulso débil ou indetectável,0,0,0.0
RIO BANANAL,GRAVIDADE,Pressão arterial convergente,0,0,0.0
RIO BANANAL,GRAVIDADE,Tempo de enchimento capilar prolongado,0,0,0.0
RIO BANANAL,GRAVIDADE,Acúmulo de líquidos com insuficiência respiratória,0,0,0.0
RIO BANANAL,GRAVIDADE,Taquicardia,0,0,0.0
RIO BANANAL,GRAVIDADE,Extremidades frias,0,0,0.0
RIO BANANAL,GRAVIDADE,Hipotensão arterial,0,0,0.0
RIO BANANAL,GRAVIDADE,Hematêmese,0,0,0.0
RIO BANANAL,GRAVIDADE,Melena,0,0,0.0
RIO BANANAL,GRAVIDADE,Metrorragia volumosa,0,0,0.0
RIO BANANAL,GRAVIDADE,Sangramento do SNC,0,0,0.0
RIO BANANAL,GRAVIDADE,AST/ALT ≥ 1.000,0,0,0.0
RIO BANANAL,GRAVIDADE,Miocardite,0,0,0.0
RIO BANANAL,GRAVIDADE,Alteração da consciência,0,0,0.0
RIO BANANAL,GRAVIDADE,Comprometimento de outros órgãos,0,0,0.0
SAO DOMINGOS DO NORTE,SINTOMA,Febre,23,25,92.0
SAO DOMINGOS DO NORTE,SINTOMA,Cefaleia,23,25,92.0
SAO DOMINGOS DO NORTE,SINTOMA,Mialgia,22,25,88.0
SAO DOMINGOS DO NORTE,SINTOMA,Náuseas,9,25,36.0
SAO DOMINGOS DO NORTE,SINTOMA,Dor retro-orbital,6,25,24.0
SAO DOMINGOS DO NORTE,SINTOMA,Vômito,8,25,32.0
SAO DOMINGOS DO NORTE,SINTOMA,Dor nas costas,8,25,32.0
SAO DOMINGOS DO NORTE,SINTOMA,Artralgia intensa,6,25,24.0
SAO DOMINGOS DO NORTE,SINTOMA,Exantema,1,25,4.0
SAO DOMINGOS DO NORTE,SINTOMA,Petéquias,3,25,12.0
SAO DOMINGOS DO NORTE,SINTOMA,Artrite,0,25,0.0
SAO DOMINGOS DO NORTE,SINTOMA,Leucopenia,1,25,4.0
SAO DOMINGOS DO NORTE,SINTOMA,Prova do laço positiva,1,25,4.0
SAO DOMINGOS DO NORTE,SINTOMA,Conjuntivite,0,25,0.0
SAO DOMINGOS DO NORTE,SINAL_ALARME,Hipotensão postural/lipotímia,0,2,0.0
SAO DOMINGOS DO NORTE,SINAL_ALARME,Queda abrupta de plaquetas,2,2,100.0
SAO DOMINGOS DO NORTE,SINAL_ALARME,Vômitos persistentes,0,2,0.0
SAO DOMINGOS DO NORTE,SINAL_ALARME,Dor abdominal intensa e contínua,0,2,0.0
SAO DOMINGOS DO NORTE,SINAL_ALARME,Letargia/irritabilidade,0,2,0.0
SAO DOMINGOS DO NORTE,SINAL_ALARME,Sangramento de mucosa,1,2,50.0
SAO DOMINGOS DO NORTE,SINAL_ALARME,Aumento progressivo do hematócrito,0,2,0.0
SAO DOMINGOS DO NORTE,SINAL_ALARME,Hepatomegalia,0,2,0.0
SAO DOMINGOS DO NORTE,SINAL_ALARME,Acúmulo de líquidos,0,2,0.0
SAO DOMINGOS DO NORTE,GRAVIDADE,Pulso débil ou indetectável,0,0,0.0
SAO DOMINGOS DO NORTE,GRAVIDADE,Pressão arterial convergente,0,0,0.0
SAO DOMINGOS DO NORTE,GRAVIDADE,Tempo de enchimento capilar prolongado,0,0,0.0
SAO DOMINGOS DO NORTE,GRAVIDADE,Acúmulo de líquidos com insuficiência respiratória,0,0,0.0
SAO DOMINGOS DO NORTE,GRAVIDADE,Taquicardia,0,0,0.0
SAO DOMINGOS DO NORTE,GRAVIDADE,Extremidades frias,0,0,0.0
SAO DOMINGOS DO NORTE,GRAVIDADE,Hipotensão arterial,0,0,0.0
SAO DOMINGOS DO NORTE,GRAVIDADE,Hematêmese,0,0,0.0
SAO DOMINGOS DO NORTE,GRAVIDADE,Melena,0,0,0.0
SAO DOMINGOS DO NORTE,GRAVIDADE,Metrorragia volumosa,0,0,0.0
SAO DOMINGOS DO NORTE,GRAVIDADE,Sangramento do SNC,0,0,0.0
SAO DOMINGOS DO NORTE,GRAVIDADE,AST/ALT ≥ 1.000,0,0,0.0
SAO DOMINGOS DO NORTE,GRAVIDADE,Miocardite,0,0,0.0
SAO DOMINGOS DO NORTE,GRAVIDADE,Alteração da consciência,0,0,0.0
SAO DOMINGOS DO NORTE,GRAVIDADE,Comprometimento de outros órgãos,0,0,0.0
SAO GABRIEL DA PALHA,SINTOMA,Febre,12,14,85.7
SAO GABRIEL DA PALHA,SINTOMA,Cefaleia,10,14,71.4
SAO GABRIEL DA PALHA,SINTOMA,Mialgia,9,14,64.3
SAO GABRIEL DA PALHA,SINTOMA,Náuseas,7,14,50.0
SAO GABRIEL DA PALHA,SINTOMA,Dor retro-orbital,4,14,28.6
SAO GABRIEL DA PALHA,SINTOMA,Vômito,5,14,35.7
SAO GABRIEL DA PALHA,SINTOMA,Dor nas costas,6,14,42.9
SAO GABRIEL DA PALHA,SINTOMA,Artralgia intensa,1,14,7.1
SAO GABRIEL DA PALHA,SINTOMA,Exantema,2,14,14.3
SAO GABRIEL DA PALHA,SINTOMA,Petéquias,1,14,7.1
SAO GABRIEL DA PALHA,SINTOMA,Artrite,2,14,14.3
SAO GABRIEL DA PALHA,SINTOMA,Leucopenia,1,14,7.1
SAO GABRIEL DA PALHA,SINTOMA,Prova do laço positiva,0,14,0.0
SAO GABRIEL DA PALHA,SINTOMA,Conjuntivite,0,14,0.0
SAO GABRIEL DA PALHA,SINAL_ALARME,Hipotensão postural/lipotímia,0,0,0.0
SAO GABRIEL DA PALHA,SINAL_ALARME,Queda abrupta de plaquetas,0,0,0.0
SAO GABRIEL DA PALHA,SINAL_ALARME,Vômitos persistentes,0,0,0.0
SAO GABRIEL DA PALHA,SINAL_ALARME,Dor abdominal intensa e contínua,0,0,0.0
SAO GABRIEL DA PALHA,SINAL_ALARME,Letargia/irritabilidade,0,0,0.0
SAO GABRIEL DA PALHA,SINAL_ALARME,Sangramento de mucosa,0,0,0.0
SAO GABRIEL DA PALHA,SINAL_ALARME,Aumento progressivo do hematócrito,0,0,0.0
SAO GABRIEL DA PALHA,SINAL_ALARME,Hepatomegalia,0,0,0.0
SAO GABRIEL DA PALHA,SINAL_ALARME,Acúmulo de líquidos,0,0,0.0
SAO GABRIEL DA PALHA,GRAVIDADE,Pulso débil ou indetectável,0,0,0.0
SAO GABRIEL DA PALHA,GRAVIDADE,Pressão arterial convergente,0,0,0.0
SAO GABRIEL DA PALHA,GRAVIDADE,Tempo de enchimento capilar prolongado,0,0,0.0
SAO GABRIEL DA PALHA,GRAVIDADE,Acúmulo de líquidos com insuficiência respiratória,0,0,0.0
SAO GABRIEL DA PALHA,GRAVIDADE,Taquicardia,0,0,0.0
SAO GABRIEL DA PALHA,GRAVIDADE,Extremidades frias,0,0,0.0
SAO GABRIEL DA PALHA,GRAVIDADE,Hipotensão arterial,0,0,0.0
SAO GABRIEL DA PALHA,GRAVIDADE,Hematêmese,0,0,0.0
SAO GABRIEL DA PALHA,GRAVIDADE,Melena,0,0,0.0
SAO GABRIEL DA PALHA,GRAVIDADE,Metrorragia volumosa,0,0,0.0
SAO GABRIEL DA PALHA,GRAVIDADE,Sangramento do SNC,0,0,0.0
SAO GABRIEL DA PALHA,GRAVIDADE,AST/ALT ≥ 1.000,0,0,0.0
SAO GABRIEL DA PALHA,GRAVIDADE,Miocardite,0,0,0.0
SAO GABRIEL DA PALHA,GRAVIDADE,Alteração da consciência,0,0,0.0
SAO GABRIEL DA PALHA,GRAVIDADE,Comprometimento de outros órgãos,0,0,0.0
SAO ROQUE DO CANAA,SINTOMA,Febre,6,6,100.0
SAO ROQUE DO CANAA,SINTOMA,Cefaleia,5,6,83.3
SAO ROQUE DO CANAA,SINTOMA,Mialgia,6,6,100.0
SAO ROQUE DO CANAA,SINTOMA,Náuseas,1,6,16.7
SAO ROQUE DO CANAA,SINTOMA,Dor retro-orbital,4,6,66.7
SAO ROQUE DO CANAA,SINTOMA,Vômito,0,6,0.0
SAO ROQUE DO CANAA,SINTOMA,Dor nas costas,2,6,33.3
SAO ROQUE DO CANAA,SINTOMA,Artralgia intensa,0,6,0.0
SAO ROQUE DO CANAA,SINTOMA,Exantema,0,6,0.0
SAO ROQUE DO CANAA,SINTOMA,Petéquias,0,6,0.0
SAO ROQUE DO CANAA,SINTOMA,Artrite,1,6,16.7
SAO ROQUE DO CANAA,SINTOMA,Leucopenia,0,6,0.0
SAO ROQUE DO CANAA,SINTOMA,Prova do laço positiva,0,6,0.0
SAO ROQUE DO CANAA,SINTOMA,Conjuntivite,0,6,0.0
SAO ROQUE DO CANAA,SINAL_ALARME,Hipotensão postural/lipotímia,0,0,0.0
SAO ROQUE DO CANAA,SINAL_ALARME,Queda abrupta de plaquetas,0,0,0.0
SAO ROQUE DO CANAA,SINAL_ALARME,Vômitos persistentes,0,0,0.0
SAO ROQUE DO CANAA,SINAL_ALARME,Dor abdominal intensa e contínua,0,0,0.0
SAO ROQUE DO CANAA,SINAL_ALARME,Letargia/irritabilidade,0,0,0.0
SAO ROQUE DO CANAA,SINAL_ALARME,Sangramento de mucosa,0,0,0.0
SAO ROQUE DO CANAA,SINAL_ALARME,Aumento progressivo do hematócrito,0,0,0.0
SAO ROQUE DO CANAA,SINAL_ALARME,Hepatomegalia,0,0,0.0
SAO ROQUE DO CANAA,SINAL_ALARME,Acúmulo de líquidos,0,0,0.0
SAO ROQUE DO CANAA,GRAVIDADE,Pulso débil ou indetectável,0,0,0.0
SAO ROQUE DO CANAA,GRAVIDADE,Pressão arterial convergente,0,0,0.0
SAO ROQUE DO CANAA,GRAVIDADE,Tempo de enchimento capilar prolongado,0,0,0.0
SAO ROQUE DO CANAA,GRAVIDADE,Acúmulo de líquidos com insuficiência respiratória,0,0,0.0
SAO ROQUE DO CANAA,GRAVIDADE,Taquicardia,0,0,0.0
SAO ROQUE DO CANAA,GRAVIDADE,Extremidades frias,0,0,0.0
SAO ROQUE DO CANAA,GRAVIDADE,Hipotensão arterial,0,0,0.0
SAO ROQUE DO CANAA,GRAVIDADE,Hematêmese,0,0,0.0
SAO ROQUE DO CANAA,GRAVIDADE,Melena,0,0,0.0
SAO ROQUE DO CANAA,GRAVIDADE,Metrorragia volumosa,0,0,0.0
SAO ROQUE DO CANAA,GRAVIDADE,Sangramento do SNC,0,0,0.0
SAO ROQUE DO CANAA,GRAVIDADE,AST/ALT ≥ 1.000,0,0,0.0
SAO ROQUE DO CANAA,GRAVIDADE,Miocardite,0,0,0.0
SAO ROQUE DO CANAA,GRAVIDADE,Alteração da consciência,0,0,0.0
SAO ROQUE DO CANAA,GRAVIDADE,Comprometimento de outros órgãos,0,0,0.0
SOORETAMA,SINTOMA,Febre,6,7,85.7
SOORETAMA,SINTOMA,Cefaleia,6,7,85.7
SOORETAMA,SINTOMA,Mialgia,3,7,42.9
SOORETAMA,SINTOMA,Náuseas,5,7,71.4
SOORETAMA,SINTOMA,Dor retro-orbital,4,7,57.1
SOORETAMA,SINTOMA,Vômito,2,7,28.6
SOORETAMA,SINTOMA,Dor nas costas,2,7,28.6
SOORETAMA,SINTOMA,Artralgia intensa,2,7,28.6
SOORETAMA,SINTOMA,Exantema,1,7,14.3
SOORETAMA,SINTOMA,Petéquias,0,7,0.0
SOORETAMA,SINTOMA,Artrite,0,7,0.0
SOORETAMA,SINTOMA,Leucopenia,0,7,0.0
SOORETAMA,SINTOMA,Prova do laço positiva,0,7,0.0
SOORETAMA,SINTOMA,Conjuntivite,0,7,0.0
SOORETAMA,SINAL_ALARME,Hipotensão postural/lipotímia,0,0,0.0
SOORETAMA,SINAL_ALARME,Queda abrupta de plaquetas,0,0,0.0
SOORETAMA,SINAL_ALARME,Vômitos persistentes,0,0,0.0
SOORETAMA,SINAL_ALARME,Dor abdominal intensa e contínua,0,0,0.0
SOORETAMA,SINAL_ALARME,Letargia/irritabilidade,0,0,0.0
SOORETAMA,SINAL_ALARME,Sangramento de mucosa,0,0,0.0
SOORETAMA,SINAL_ALARME,Aumento progressivo do hematócrito,0,0,0.0
SOORETAMA,SINAL_ALARME,Hepatomegalia,0,0,0.0
SOORETAMA,SINAL_ALARME,Acúmulo de líquidos,0,0,0.0
SOORETAMA,GRAVIDADE,Pulso débil ou indetectável,0,0,0.0
SOORETAMA,GRAVIDADE,Pressão arterial convergente,0,0,0.0
SOORETAMA,GRAVIDADE,Tempo de enchimento capilar prolongado,0,0,0.0
SOORETAMA,GRAVIDADE,Acúmulo de líquidos com insuficiência respiratória,0,0,0.0
SOORETAMA,GRAVIDADE,Taquicardia,0,0,0.0
SOORETAMA,GRAVIDADE,Extremidades frias,0,0,0.0
SOORETAMA,GRAVIDADE,Hipotensão arterial,0,0,0.0
SOORETAMA,GRAVIDADE,Hematêmese,0,0,0.0
SOORETAMA,GRAVIDADE,Melena,0,0,0.0
SOORETAMA,GRAVIDADE,Metrorragia volumosa,0,0,0.0
SOORETAMA,GRAVIDADE,Sangramento do SNC,0,0,0.0
SOORETAMA,GRAVIDADE,AST/ALT ≥ 1.000,0,0,0.0
SOORETAMA,GRAVIDADE,Miocardite,0,0,0.0
SOORETAMA,GRAVIDADE,Alteração da consciência,0,0,0.0
SOORETAMA,GRAVIDADE,Comprometimento de outros órgãos,0,0,0.0
VILA VALERIO,SINTOMA,Febre,3,5,60.0
VILA VALERIO,SINTOMA,Cefaleia,2,5,40.0
VILA VALERIO,SINTOMA,Mialgia,2,5,40.0
VILA VALERIO,SINTOMA,Náuseas,1,5,20.0
VILA VALERIO,SINTOMA,Dor retro-orbital,0,5,0.0
VILA VALERIO,SINTOMA,Vômito,0,5,0.0
VILA VALERIO,SINTOMA,Dor nas costas,0,5,0.0
VILA VALERIO,SINTOMA,Artralgia intensa,2,5,40.0
VILA VALERIO,SINTOMA,Exantema,2,5,40.0
VILA VALERIO,SINTOMA,Petéquias,0,5,0.0
VILA VALERIO,SINTOMA,Artrite,0,5,0.0
VILA VALERIO,SINTOMA,Leucopenia,0,5,0.0
VILA VALERIO,SINTOMA,Prova do laço positiva,0,5,0.0
VILA VALERIO,SINTOMA,Conjuntivite,1,5,20.0
VILA VALERIO,SINAL_ALARME,Hipotensão postural/lipotímia,0,0,0.0
VILA VALERIO,SINAL_ALARME,Queda abrupta de plaquetas,0,0,0.0
VILA VALERIO,SINAL_ALARME,Vômitos persistentes,0,0,0.0
VILA VALERIO,SINAL_ALARME,Dor abdominal intensa e contínua,0,0,0.0
VILA VALERIO,SINAL_ALARME,Letargia/irritabilidade,0,0,0.0
VILA VALERIO,SINAL_ALARME,Sangramento de mucosa,0,0,0.0
VILA VALERIO,SINAL_ALARME,Aumento progressivo do hematócrito,0,0,0.0
VILA VALERIO,SINAL_ALARME,Hepatomegalia,0,0,0.0
VILA VALERIO,SINAL_ALARME,Acúmulo de líquidos,0,0,0.0
VILA VALERIO,GRAVIDADE,Pulso débil ou indetectável,0,0,0.0
VILA VALERIO,GRAVIDADE,Pressão arterial convergente,0,0,0.0
VILA VALERIO,GRAVIDADE,Tempo de enchimento capilar prolongado,0,0,0.0
VILA VALERIO,GRAVIDADE,Acúmulo de líquidos com insuficiência respiratória,0,0,0.0
VILA VALERIO,GRAVIDADE,Taquicardia,0,0,0.0
VILA VALERIO,GRAVIDADE,Extremidades frias,0,0,0.0
VILA VALERIO,GRAVIDADE,Hipotensão arterial,0,0,0.0
VILA VALERIO,GRAVIDADE,Hematêmese,0,0,0.0
VILA VALERIO,GRAVIDADE,Melena,0,0,0.0
VILA VALERIO,GRAVIDADE,Metrorragia volumosa,0,0,0.0
VILA VALERIO,GRAVIDADE,Sangramento do SNC,0,0,0.0
VILA VALERIO,GRAVIDADE,AST/ALT ≥ 1.000,0,0,0.0
VILA VALERIO,GRAVIDADE,Miocardite,0,0,0.0
VILA VALERIO,GRAVIDADE,Alteração da consciência,0,0,0.0
VILA VALERIO,GRAVIDADE,Comprometimento de outros órgãos,0,0,0.0
REGIONAL,SINTOMA,Febre,2051,2317,88.5
REGIONAL,SINTOMA,Cefaleia,1944,2317,83.9
REGIONAL,SINTOMA,Mialgia,1710,2317,73.8
REGIONAL,SINTOMA,Náuseas,1108,2317,47.8
REGIONAL,SINTOMA,Dor retro-orbital,761,2317,32.8
REGIONAL,SINTOMA,Vômito,558,2317,24.1
REGIONAL,SINTOMA,Dor nas costas,447,2317,19.3
REGIONAL,SINTOMA,Artralgia intensa,428,2317,18.5
REGIONAL,SINTOMA,Exantema,124,2317,5.4
REGIONAL,SINTOMA,Petéquias,112,2317,4.8
REGIONAL,SINTOMA,Artrite,71,2317,3.1
REGIONAL,SINTOMA,Leucopenia,56,2317,2.4
REGIONAL,SINTOMA,Prova do laço positiva,9,2317,0.4
REGIONAL,SINTOMA,Conjuntivite,8,2317,0.3
REGIONAL,SINAL_ALARME,Hipotensão postural/lipotímia,2,97,2.1
REGIONAL,SINAL_ALARME,Queda abrupta de plaquetas,92,97,94.8
REGIONAL,SINAL_ALARME,Vômitos persistentes,7,97,7.2
REGIONAL,SINAL_ALARME,Dor abdominal intensa e contínua,5,97,5.2
REGIONAL,SINAL_ALARME,Letargia/irritabilidade,2,97,2.1
REGIONAL,SINAL_ALARME,Sangramento de mucosa,8,97,8.2
REGIONAL,SINAL_ALARME,Aumento progressivo do hematócrito,5,97,5.2
REGIONAL,SINAL_ALARME,Hepatomegalia,5,97,5.2
REGIONAL,SINAL_ALARME,Acúmulo de líquidos,0,97,0.0
REGIONAL,GRAVIDADE,Pulso débil ou indetectável,1,2,50.0
REGIONAL,GRAVIDADE,Pressão arterial convergente,2,2,100.0
REGIONAL,GRAVIDADE,Tempo de enchimento capilar prolongado,1,2,50.0
REGIONAL,GRAVIDADE,Acúmulo de líquidos com insuficiência respiratória,1,2,50.0
REGIONAL,GRAVIDADE,Taquicardia,0,2,0.0
REGIONAL,GRAVIDADE,Extremidades frias,0,2,0.0
REGIONAL,GRAVIDADE,Hipotensão arterial,2,2,100.0
REGIONAL,GRAVIDADE,Hematêmese,0,2,0.0
REGIONAL,GRAVIDADE,Melena,0,2,0.0
REGIONAL,GRAVIDADE,Metrorragia volumosa,0,2,0.0
REGIONAL,GRAVIDADE,Sangramento do SNC,0,2,0.0
REGIONAL,GRAVIDADE,AST/ALT ≥ 1.000,2,2,100.0
REGIONAL,GRAVIDADE,Miocardite,0,2,0.0
REGIONAL,GRAVIDADE,Alteração da consciência,0,2,0.0
REGIONAL,GRAVIDADE,Comprometimento de outros órgãos,0,2,0.0
